hotels,cafes,restaurants,guest_houses,tourism_index,town,Governorate
0,1,0,0,3, Bireh,Mount Lebanon
0,0,0,0,0,A'ain El-Mir (El Establ),South
0,0,0,0,0,AAridet Cheikh Zennad,Akkar
0,0,0,0,0,Aaba,North
1,0,0,0,3,Aabadiyeh,Mount Lebanon
0,0,1,0,3,Aabaydat,Keserwan-Jbeil
0,0,0,0,0,Aabba,Nabatieh
4,25,30,2,10,Aabbesiyyi,South
0,2,0,0,3,Aabdine,North
0,0,2,0,3,Aabra Saida,South
0,2,0,2,4,Aabrine,North
0,2,0,0,3,Aachach,North
0,0,10,0,3,Aachqout,Keserwan-Jbeil
0,10,0,0,3,Aadaysseh Marjaayoun,Nabatieh
0,0,0,0,0,Aadchit Ech-Chqif,Nabatieh
0,0,0,0,0,Aadchit El-Qoussair,Nabatieh
0,0,3,0,3,Aadloun,South
0,0,0,0,0,Aadoussiyeh,South
1,1,2,1,10,Aafsdiq,North
0,0,0,0,0,Aain Aanoub,Mount Lebanon
0,0,0,0,0,Aain Aarab Rachaya,Beqaa
0,2,0,0,3,Aain Aata,Beqaa
0,0,0,0,0,Aain Dara,Mount Lebanon
0,1,1,0,6,Aain Drafil,Mount Lebanon
0,0,0,0,0,Aain Ed-Delb,South
0,0,0,0,0,Aain Ed-Delbe,Keserwan-Jbeil
0,0,2,0,3,Aain Ej-Jdideh Aaley,Mount Lebanon
2,0,1,0,6,Aain El Saydeh,Mount Lebanon
0,0,0,0,0,Aain El-Ghouaybeh,Keserwan-Jbeil
0,3,5,0,6,Aain El-Kharroubeh,Mount Lebanon
0,0,0,0,0,Aain El-Qabu,Mount Lebanon
0,0,0,0,0,Aain Er-Rihane,Keserwan-Jbeil
1,2,2,0,9,Aain Er-Roummaneh Aaley,Mount Lebanon
2,1,5,0,9,Aain Es-Sindiane,Mount Lebanon
0,0,0,0,0,Aain Et-Teffaha,Mount Lebanon
0,3,0,0,3,Aain Ez-Zeit,Akkar
1,0,0,0,3,Aain Ez-Zeitouneh,Mount Lebanon
0,0,0,0,0,Aain Fraidis,Mount Lebanon
0,0,0,0,0,Aain Harsha,Beqaa
1,5,6,4,10,Aain Ibl,Nabatieh
0,0,1,0,3,Aain Jarfa,Nabatieh
0,0,0,0,0,Aain Jrain,Keserwan-Jbeil
0,0,0,0,0,Aain Kfaa,Keserwan-Jbeil
0,0,0,0,0,Aain Ksour,Mount Lebanon
0,0,0,0,0,Aain Mouaffaq,Mount Lebanon
0,0,1,0,3,Aain Ouzain,Mount Lebanon
0,0,0,0,0,Aain Qana,Nabatieh
0,0,0,0,0,Aain Qania,Mount Lebanon
0,0,0,0,0,Aain Qinia,Nabatieh
0,0,0,0,0,Aain Saadeh,Mount Lebanon
0,1,0,0,3,Aain Tinta,Akkar
0,0,0,0,0,Aain Traz,Mount Lebanon
0,0,0,0,0,Aain Yaaqoub,Akkar
2,4,6,1,10,Aain Zebdeh,Bekaa
2,2,6,3,10,Aain Zhalta,Mount Lebanon
0,0,0,0,0,Aain challal,Keserwan-Jbeil
0,0,0,0,0,Aainbal,Mount Lebanon
0,2,0,0,3,Aaita Ej-Jabal,Nabatieh
0,3,0,0,3,Aaiyat,Akkar
0,0,0,0,0,Aajaltoun,Keserwan-Jbeil
0,20,6,4,7,Aakkar El-Aatiqa,Akkar
5,20,20,0,9,Aaley,Mount Lebanon
0,0,2,0,3,Aaley Bsatine,Mount Lebanon
0,2,1,0,6,Aalma,North
1,0,2,0,6,Aalma Ech-Chaab,South
0,0,0,0,0,Aalman,Nabatieh
0,1,0,0,3,Aalmane Ech-Chouf,Mount Lebanon
0,3,3,0,6,Aamaret El-Baykat,Akkar
0,3,2,0,6,Aamayer,Akkar
1,3,15,4,10,Aamchit,Keserwan-Jbeil
0,0,1,0,3,Aammatour,Mount Lebanon
0,0,2,0,3,Aammiq Ech-Chouf,Bekaa
0,3,1,0,6,Aana,Bekaa
0,2,2,2,7,Aandqet,Akkar
0,2,3,0,6,Aanout,Mount Lebanon
0,7,2,0,6,Aanqoun,South
0,0,0,0,0,Aaouaainat Aakkar,Akkar
0,0,0,0,0,Aaqabet Rachaya,Beqaa
2,0,20,0,6,Aaqaibeh Kesrouane,Keserwan-Jbeil
0,0,0,0,0,Aaqtanit,South
0,0,0,0,0,Aarab Ej-Jall,South
0,1,1,0,6,Aarab Salim,Nabatieh
0,0,2,0,3,Aarab Tabbaya,South
0,0,1,0,3,Aaraiya,Mount Lebanon
0,5,0,0,3,Aaramoun Kesrouane,Mount Lebanon
0,0,0,0,0,Aaramta,South
0,0,0,0,0,Aaray,South
0,0,0,0,0,Aarbaniyeh,Mount Lebanon
1,1,2,0,9,Aarbet Qozhaiya,North
1,5,15,0,9,Aarjis,North
0,0,0,0,0,Aarqa,Akkar
0,0,0,0,0,Aarsal,Baalbek-Hermel
0,0,0,0,0,Aatchaneh,Mount Lebanon
0,0,0,0,0,Aathrine,Mount Lebanon
0,0,2,0,3,Aaychiyeh,South
0,0,0,0,0,Aayha,Beqaa
0,0,0,0,0,Aaynab,Mount Lebanon
0,0,0,5,1,Aaynata Baalbek,Baalbek-Hermel
0,3,1,0,6,Aaynata Bent Jbeil,Nabatieh
0,4,2,0,6,Aayoun Aakkar,Akkar
0,0,0,0,0,Aayoun El-Ghizlane,Akkar
0,0,0,0,0,Aayoun El-Matn,Mount Lebanon
0,0,0,0,0,Aayroun,Mount Lebanon
0,5,6,0,6,Aayta Ech-Chaab,Nabatieh
0,0,1,0,3,Aayta El-Foukhar,Beqaa
0,0,2,1,4,Aaytanit,Bekaa
0,0,1,0,3,Aaytat,Mount Lebanon
0,0,0,0,0,Aaytit,South
2,0,2,0,6,Aazour,South
1,0,2,0,6,Aazra ouel Aazr,Keserwan-Jbeil
0,0,0,0,0,Aazzi,Nabatieh
0,0,0,0,0,Abou Mizan,Mount Lebanon
4,4,10,2,10,Abou Qamha,Nabatieh
0,0,0,0,0,Adma Oua Dafine,Keserwan-Jbeil
0,0,0,0,0,Adonis,Keserwan-Jbeil
0,2,0,0,3,Afqa Jbeil,Keserwan-Jbeil
0,0,0,0,0,Ain Aakrine,North
0,0,0,0,0,Aintoura El-Matn,Mount Lebanon
0,0,2,1,4,Aintoura Kesrouane,Keserwan-Jbeil
0,0,0,0,0,Aintourine,North
0,0,0,0,0,Aitaroun,Nabatieh
0,2,6,0,6,Alaq,Baalbek-Hermel
0,2,0,0,3,Almat,Keserwan-Jbeil
0,4,0,0,3,Amara,Akkar
0,5,8,0,6,Amioun,North
2,4,4,0,9,Anane,South
1,6,3,0,9,Ansar,Nabatieh
0,0,0,0,0,Ansar Baalbeck,Baalbek-Hermel
0,0,0,0,10,Antelias-Naccache,Mount Lebanon
1,0,1,0,6,Arnoun,Nabatieh
0,0,0,0,0,Arsoun,Mount Lebanon
0,4,2,0,6,Arzai,South
0,0,0,0,0,Arzoun,South
0,0,0,0,0,Asnoun,North
0,0,1,0,3,Assia,North
0,1,1,0,6,Ayto,North
0,0,0,0,0,Baabda-Louaizi,Mount Lebanon
0,0,0,0,0,Baabdat,Mount Lebanon
0,0,1,2,4,Baadarane,Mount Lebanon
2,10,39,1,10,Baalbek,Baalbek-Hermel
0,0,0,0,0,Baalchmay,Mount Lebanon
0,0,0,0,0,Baaloul West Bekaa,Bekaa
0,0,1,0,3,Baaouerta,Mount Lebanon
0,5,20,0,6,Baaqline,Mount Lebanon
0,0,0,0,0,Baassir,Mount Lebanon
0,5,5,1,7,Bab Mareaa,Bekaa
0,7,2,0,6,Babliyeh,South
0,0,0,0,0,Badbhoun,North
0,2,0,0,3,Baghdadi,Akkar
0,0,0,0,0,Bahbouch,North
0,3,7,20,7,Baisour,Mount Lebanon
0,0,0,0,0,Baisour Jezzine,South
0,0,0,0,0,Bakka,Beqaa
0,0,0,0,0,Bakkifac Rachaya,Beqaa
0,3,10,0,6,Balloune,Keserwan-Jbeil
0,0,1,0,3,Bane,North
0,0,0,0,0,Bany haiyane,Nabatieh
0,0,0,0,0,Baouchriyeh el Sad,Mount Lebanon
0,0,0,0,0,Baraachit,Nabatieh
0,0,0,0,0,Barghoun,North
0,13,3,0,6,Barja,Mount Lebanon
0,0,0,0,0,Barqa,Baalbek-Hermel
0,0,0,0,0,Barsa,North
0,1,0,0,3,Basateen Aakar,Akkar
3,10,10,2,10,Baskinta,Mount Lebanon
0,0,0,0,0,Bater,Mount Lebanon
0,0,2,0,3,Batha,Keserwan-Jbeil
1,0,2,0,6,Batloun,Mount Lebanon
0,12,4,0,6,Batoulay,South
0,0,0,0,0,Batroumine,North
3,20,20,15,10,Batroun,North
0,0,0,0,0,Bayzoun,Keserwan-Jbeil
2,0,4,2,7,Bazaaoun,North
0,0,0,0,0,Bazouriyeh,South
0,0,0,0,0,Bchamoun,Mount Lebanon
0,0,0,0,0,Bchannine,North
15,5,20,3,10,Bcharreh,North
0,3,1,2,7,Bcheaali,North
0,2,0,1,4,Bchtfine,Mount Lebanon
0,2,0,4,4,Bdadoun,Mount Lebanon
0,0,0,0,0,Bdebba,North
0,5,2,3,7,Bebnine,Akkar
0,0,0,0,0,Bechmizzine,North
4,2,7,1,10,Bechouat,Baalbek-Hermel
0,1,3,0,6,Bechtoudar,North
0,0,0,0,0,Bedghan Oua Ouadi Bedghan,Mount Lebanon
0,0,0,0,0,Bedias,South
0,0,2,0,3,Bednayel El-Koura,North
0,0,0,0,0,Behdaydat,Keserwan-Jbeil
0,0,0,1,1,Behnine,South
2,2,3,0,9,Beino,Akkar
0,2,0,0,3,Beit Ayoub,Akkar
0,0,0,0,0,Beit Chama,Baalbek-Hermel
0,0,7,0,3,Beit Chlala,North
1,0,3,1,7,Beit Ed-Dine,Mount Lebanon
0,0,0,0,0,Beit El Haj,Akkar
0,0,0,0,0,Beit El-Haouch,Akkar
1,3,6,0,9,Beit El-Kekko,Mount Lebanon
0,0,0,0,0,Beit Hbaq,Keserwan-Jbeil
1,0,0,0,3,Beit Kassab,North
0,0,0,0,0,Beit Lahia,Beqaa
7,3,4,0,9,Beit Lif,Nabatieh
1,1,1,0,9,Beit Mellat,Akkar
3,5,5,0,9,Beit Meri,Mount Lebanon
0,0,0,0,0,Beit Monzer,North
1,4,1,0,9,Beit Obeid,North
0,0,0,0,0,Beit Yahoun,Nabatieh
0,0,0,0,0,Beit Younes,Akkar
0,0,0,0,0,Bejjeh,Keserwan-Jbeil
0,0,0,0,0,Bekhaaz,Keserwan-Jbeil
0,0,0,0,0,Benouati Jezzine,South
1,2,4,1,10,Bent Jbeil,Nabatieh
0,0,0,0,0,Beqaata Aachqout,Keserwan-Jbeil
0,0,0,0,0,Beqaata Kanaan,Keserwan-Jbeil
0,0,0,0,0,Berbara Aakkar,Akkar
2,0,0,1,4,Berbara Jbeil,Keserwan-Jbeil
0,0,0,0,0,Berhalioun,North
0,0,0,0,0,Berti,South
0,0,0,0,0,Beslouqit,North
0,0,1,0,3,Besri Jezzine,South
0,0,0,0,0,Bestiyat,South
0,3,0,0,3,Bezbina,Akkar
0,0,0,0,0,Bhamdoun Ed-Dayaa,Mount Lebanon
4,3,2,3,10,Bhamdoun El-Mhatta,Mount Lebanon
3,0,10,1,10,Bhersaf,Mount Lebanon
0,0,1,0,3,Bichtlida,Keserwan-Jbeil
0,1,2,0,6,Bijdarfil,North
0,0,0,0,0,Bikfaya,Mount Lebanon
0,0,0,0,0,Binnay,Mount Lebanon
0,0,0,0,0,Bintaael,Keserwan-Jbeil
1,6,3,0,9,Biret Aakkar,Akkar
0,0,0,0,0,Biret Rachaya,Beqaa
0,0,0,0,0,Bisrin,Mount Lebanon
0,3,4,0,6,Bissariyeh,South
0,0,0,0,0,Biyad,South
0,2,0,0,3,Bizhel,Keserwan-Jbeil
12,5,20,0,9,Bkassine,South
0,0,0,0,0,Bkeftine,North
0,0,0,0,0,Bkhichtay,Mount Lebanon
0,0,2,0,3,Blaouza,North
0,0,0,0,0,Blat Marjaayoun,Nabatieh
0,0,1,0,3,Blaybel,Mount Lebanon
0,0,0,0,0,Blida,Nabatieh
0,1,2,6,7,Bmahray,Mount Lebanon
2,1,0,0,6,Bmakine,Mount Lebanon
3,1,4,0,9,Bmaryam,Mount Lebanon
0,0,0,0,0,Bnaafoul,South
0,1,2,5,7,Bnabil,Mount Lebanon
0,0,0,0,0,Bnehran,North
0,0,0,0,0,Bnoueiti,Mount Lebanon
0,0,0,0,0,Bohayra,North
0,0,0,0,0,Bohwara,Mount Lebanon
0,2,6,1,7,Borj Aakkar,Akkar
2,0,5,0,6,Borj El-Moulouk,Nabatieh
3,4,8,0,9,Borj En-Naqoura,South
0,13,3,0,6,Borj Rahhal,South
0,0,0,0,0,Borj qalaouiyeh,Nabatieh
0,0,0,0,0,Botmeh,Mount Lebanon
1,0,1,0,6,Bouaida,Nabatieh
2,0,1,0,6,Bouar,Keserwan-Jbeil
0,0,0,0,0,Boulhos,Keserwan-Jbeil
0,4,5,0,6,Bourj El Arab,Akkar
2,20,20,0,9,Bourj El-Brajneh,Mount Lebanon
0,0,0,0,0,Bourj Hammoud,Mount Lebanon
0,3,1,0,6,Bourjein,Mount Lebanon
0,0,2,0,3,Boussit,North
0,0,0,0,0,Boustane,South
0,0,0,0,0,Boustane Heresh,Akkar
0,0,0,0,0,Boutchay,Mount Lebanon
0,0,3,1,4,Bqaa Kafra,North
0,2,0,0,3,Bqaatouta,Keserwan-Jbeil
20,20,30,10,10,Bqerqacha,North
0,2,5,0,6,Bqerzla,Akkar
0,2,3,0,6,Bqosta,South
0,4,0,0,3,Braiqeaa,Nabatieh
0,1,0,0,3,Bramiyeh,South
0,1,0,0,3,Breissat,North
0,0,0,3,1,Brih,Mount Lebanon
0,5,13,0,6,Brital,Baalbek-Hermel
0,0,0,0,0,Broummana El-Matn,Mount Lebanon
0,0,1,0,3,Bsaba Baabda,Mount Lebanon
0,0,1,0,3,Bsaba Ech-Chouf,Mount Lebanon
2,1,5,0,9,Bsalim,Mount Lebanon
0,0,0,0,0,Bsalya,South
0,2,0,0,3,Bsarma,North
0,0,0,0,0,Bsous,Mount Lebanon
0,0,0,0,0,Btaaboura,North
0,0,1,0,6,Btalloun,Mount Lebanon
0,0,0,0,0,Btater,Mount Lebanon
0,0,0,0,0,Btedaai,Baalbek-Hermel
0,0,0,0,3,Btedine El-Leqch,South
0,2,1,0,6,Bteghrine,Mount Lebanon
0,0,0,10,1,Btekhnay,Mount Lebanon
2,2,0,2,7,Bterram,North
0,2,1,0,6,Btouratij,North
0,0,0,0,0,Byaqout,Mount Lebanon
0,4,0,0,3,Bzal,Akkar
0,0,0,0,0,Bziza,North
1,0,0,0,3,Bzoummar,Keserwan-Jbeil
0,5,0,0,3,Chaaitiyeh-Malkiyah,South
0,0,0,0,0,Chaat,Baalbek-Hermel
0,3,2,0,6,Chadra,Akkar
0,0,0,0,0,Chahtoul,Keserwan-Jbeil
0,0,0,0,0,Chamaa,South
0,0,0,0,0,Chamate,Keserwan-Jbeil
0,2,0,0,3,Chanay,Mount Lebanon
0,2,0,0,3,Chane,Akkar
0,0,0,0,0,Chaouiyeh,Mount Lebanon
0,1,0,0,3,Chaqdouf,Akkar
0,1,1,0,6,Charbila,Akkar
0,0,0,0,0,Charbine El-Hermel,Baalbek-Hermel
1,1,2,0,9,Charoun,Mount Lebanon
0,0,1,1,4,Charqiyeh,Nabatieh
0,0,0,0,0,Chartoun,Mount Lebanon
0,1,3,0,6,Chebaa,Nabatieh
0,0,5,0,3,Chehabiyeh,South
0,0,0,0,0,Chehour,South
0,0,0,0,0,Cheikh Ayash,Akkar
0,7,0,0,3,Cheikh Mohammad,Akkar
0,0,0,0,0,Cheikh Taba,Akkar
0,0,0,0,0,Cheikh Zennad,Akkar
0,3,2,0,6,Cheikhlar,Akkar
0,2,1,0,6,Chhim,Mount Lebanon
0,0,5,0,3,Chibtine,North
0,0,0,0,0,Chihine,South
0,0,0,0,0,Chikhane,Keserwan-Jbeil
0,0,0,0,0,Chikka,North
0,1,3,0,6,Chimlane,Mount Lebanon
1,3,4,0,9,Chiyah,Mount Lebanon
0,0,2,0,3,Chlifa,Baalbek-Hermel
0,0,0,0,0,Chmistar,Baalbek-Hermel
0,0,0,0,0,Chnanaair,Keserwan-Jbeil
0,1,5,0,6,Choualiq Jezzine,South
0,0,3,0,3,Chouaya Hasbaiya,Nabatieh
0,0,0,0,0,Chouaya Maten,Mount Lebanon
5,10,20,0,9,Choueifat El-Aamrousiyeh,Mount Lebanon
0,0,0,0,0,Chouit,Mount Lebanon
0,4,2,0,6,Choukine,Nabatieh
0,0,0,0,0,Chourit,Mount Lebanon
0,0,0,0,0,Daghleh,Akkar
2,5,3,1,10,Dahr El-Ahmar,Beqaa
0,0,0,0,0,Dahr El-Maghara,Mount Lebanon
0,0,0,0,0,Dahr El-Qanbar,Akkar
0,2,2,0,6,Dahr Es-Souane El-Matn,Mount Lebanon
0,1,2,0,6,Dahr Laissine,Akkar
0,3,0,0,3,Dalhoun,Mount Lebanon
0,0,0,0,0,Damalsa,Keserwan-Jbeil
2,4,5,0,9,Damour,Mount Lebanon
0,0,0,0,0,Daoura,Akkar
0,0,0,0,0,Daqqoun,Mount Lebanon
0,0,0,0,0,Dar Baaechtar,North
0,0,0,0,0,Dar Chmizzine,North
0,0,0,0,0,Daraaoun,Keserwan-Jbeil
0,2,3,0,6,Daraiya Ech-Chouf,Mount Lebanon
0,0,0,0,0,Daraiya Kesrouane,Keserwan-Jbeil
0,0,0,0,0,Darb Es-Sim,South
0,0,0,0,0,Darine,Akkar
0,0,0,0,0,Dayshouniyi,Mount Lebanon
0,0,0,0,0,Debaal Sour,South
0,2,3,0,6,Debl,Nabatieh
0,3,0,0,3,Deddeh,North
0,0,0,0,0,Deir Aames,South
0,0,0,0,0,Deir Baba,Mount Lebanon
0,0,1,0,3,Deir Billa,North
0,0,0,0,0,Deir Chamra,Mount Lebanon
0,4,5,0,6,Deir Dalloum,Akkar
1,2,2,0,9,Deir Dourit,Mount Lebanon
0,0,0,0,0,Deir El-Aachayer,Beqaa
3,3,12,50,10,Deir El-Ahmar,Baalbek-Hermel
0,2,1,0,6,Deir El-harf,Mount Lebanon
0,0,0,0,0,Deir Ez-Zahrani,Nabatieh
0,1,2,0,6,Deir Jannine,Akkar
0,0,0,0,0,Deir Kifa,South
0,0,2,0,3,Deir Koucheh,Mount Lebanon
0,0,0,0,0,Deir Mimas,Nabatieh
0,4,0,0,3,Deir Ntar,Nabatieh
0,7,0,0,3,Deir Qanoun El-Aain,South
0,10,3,0,6,Deir Qanoun En-Nahr,South
0,0,0,0,0,Deir Qoubel,Mount Lebanon
0,3,2,0,6,Deir Siriane,Nabatieh
0,0,0,0,0,Dekouaneh,Mount Lebanon
0,0,1,0,3,Dellafeh,Nabatieh
0,0,0,0,0,Derdaghaiya,South
0,0,0,0,0,Dfoun,Mount Lebanon
0,0,0,0,0,Dhayra,South
0,3,0,0,3,Dhour el hawa,North
0,4,3,0,6,Dibbabiyeh,Akkar
0,0,0,0,0,Dibbine,Nabatieh
2,3,4,0,9,Dibbiyeh,Mount Lebanon
0,0,0,0,0,Dik El-Mehdi,Mount Lebanon
0,3,1,0,6,Dimane,North
0,0,0,0,0,Dlebta,Keserwan-Jbeil
0,0,3,1,4,Dmit,Mount Lebanon
0,0,0,0,0,Douair Aadouiyeh,Akkar
0,0,0,0,0,Douair En-Nabatiyeh,Nabatieh
4,1,6,3,10,Douma,North
0,1,6,0,6,Douris,Baalbek-Hermel
0,0,2,0,3,Edde El-Batroun,North
0,2,0,0,3,Eddeh Jbeil,Keserwan-Jbeil
0,1,2,0,6,Eghbe,Keserwan-Jbeil
1,3,6,7,10,Ehmej,Keserwan-Jbeil
0,3,0,0,3,Ein el Dahab,Akkar
0,0,0,0,0,El Ain,Baalbek-Hermel
0,0,0,0,0,El Ghabe,Mount Lebanon
0,0,0,0,0,El Kfeir,Nabatieh
0,0,2,0,3,El Manara,Bekaa
0,0,0,0,0,El Marej,Bekaa
0,0,0,0,0,En-Nahriyyi,Akkar
1,4,14,4,10,Enfeh,North
0,0,0,0,0,Erkay,South
0,0,0,0,0,Falougha,Mount Lebanon
1,0,2,0,6,Fanar,Mount Lebanon
3,5,6,20,10,Faraya,Keserwan-Jbeil
0,0,0,0,0,Fard,Akkar
2,20,5,5,10,Fardis Hasbaiya,Nabatieh
1,0,3,15,7,Fatqa,Keserwan-Jbeil
0,0,0,10,1,Fatre,Keserwan-Jbeil
0,0,0,0,0,Faytroun,Keserwan-Jbeil
1,5,4,0,9,Fekehe,Baalbek-Hermel
0,0,0,0,0,Ferhet,Keserwan-Jbeil
1,1,2,0,9,Fghal,Keserwan-Jbeil
0,0,1,0,3,Fiaa,North
0,0,0,0,0,Fisan,Baalbek-Hermel
1,10,2,10,10,Fnaydek,Akkar
0,1,1,0,6,Fouara,Mount Lebanon
0,2,0,0,3,Fraides,Akkar
0,0,0,0,0,Fraikeh,Mount Lebanon
5,20,40,20,10,Fraudis Ech-Chouf,Mount Lebanon
0,0,0,0,0,Froun,Nabatieh
0,6,32,0,6,Furn Ech-Chebbak,Mount Lebanon
0,0,0,0,0,Ghabat,Keserwan-Jbeil
0,0,0,0,0,Ghaboune,Mount Lebanon
1,0,1,2,7,Ghalboun,Keserwan-Jbeil
0,0,1,0,3,Ghandouriyet Bent Jbeil,Nabatieh
0,0,0,0,0,Gharzouz,Keserwan-Jbeil
0,0,0,0,0,Ghassaniyeh,South
0,0,0,0,0,Ghazayleh,Akkar
0,0,0,0,0,Ghazir,Keserwan-Jbeil
0,5,15,0,6,Ghaziyeh,South
0,3,10,0,6,Ghazzeh,Bekaa
1,1,3,0,9,Ghbaet Bolonya,Mount Lebanon
0,4,1,1,7,Ghbaleh Kesrouane,Keserwan-Jbeil
0,0,0,0,0,Ghbatiyeh,South
0,2,1,0,6,Ghidras,Keserwan-Jbeil
1,2,3,0,9,Ghineh,Keserwan-Jbeil
4,90,83,0,9,Ghobairi,Mount Lebanon
0,2,0,0,3,Ghoifine,Keserwan-Jbeil
0,3,0,0,6,Ghosta,Keserwan-Jbeil
0,1,8,0,6,Habbouch En-Nabatiyeh,Nabatieh
0,0,0,0,0,Habil,Keserwan-Jbeil
0,0,0,0,0,Hadath Baalback,Baalbek-Hermel
2,2,5,2,10,Hadath Ej-Jebbeh,North
1,50,50,0,9,Hadath-Sbeineh,Mount Lebanon
0,0,0,0,0,Hadchit,North
0,0,0,0,0,Haddatha,Nabatieh
0,0,1,0,3,Hajjeh,South
0,0,0,0,0,Hakel,Keserwan-Jbeil
1,3,3,0,9,Hakour,Akkar
0,0,0,0,0,Halate,Keserwan-Jbeil
0,20,5,0,6,Halba,Akkar
0,0,0,0,0,Halbata,Baalbek-Hermel
0,0,0,0,0,Halloussiyeh,South
1,0,0,0,3,Hamat,North
3,7,15,10,10,Hammana,Mount Lebanon
0,2,1,0,6,Hanaouay,South
0,0,0,0,0,Hanine,Nabatieh
0,0,0,0,0,Haouch El Qinnabeh Rachaya,Beqaa
0,0,0,0,0,Haouch El-Harime,Bekaa
0,0,0,0,0,Haouch En-Nabi,Baalbek-Hermel
0,2,2,0,6,Haouch Er-Rafqa,Baalbek-Hermel
0,0,0,0,0,Haouch Snaid,Baalbek-Hermel
0,2,1,0,6,Haouch Tall Safiyeh,Baalbek-Hermel
0,0,0,0,0,Haouche Barada,Baalbek-Hermel
0,0,0,0,0,Harabta,Baalbek-Hermel
0,0,0,0,0,Haret Es-Sit,Mount Lebanon
0,0,0,0,0,Haret Fouar,North
0,90,72,0,6,Haret Hreik,Mount Lebanon
0,4,0,0,3,Haret Jandal,Mount Lebanon
0,25,15,0,6,Haret Saida,South
0,0,0,0,0,Harf,South
0,0,0,0,0,Haris,Nabatieh
0,4,3,0,6,Harouf,Nabatieh
0,7,7,0,7,Hasbaiya,Nabatieh
0,0,0,0,0,Hasbaiya El-Matn,Mount Lebanon
0,4,0,0,3,Hasrayel,Keserwan-Jbeil
2,3,6,2,10,Hasroun,North
0,0,0,0,0,Hasrout,Mount Lebanon
0,0,0,0,0,Hayshe,Akkar
0,1,3,0,6,Hayssa,Akkar
0,0,0,0,0,Haytla,Akkar
0,1,0,0,3,Haytoura,South
0,3,0,0,3,Hayzouq,Akkar
0,0,0,0,0,Hazmiyah,Mount Lebanon
0,0,0,0,0,Hdeine,Keserwan-Jbeil
0,2,0,0,3,Hebbariyeh,Nabatieh
0,1,0,0,3,Hedd,Akkar
0,0,0,2,1,Helouet Rachaya,Beqaa
0,0,0,0,0,Henniyeh,South
1,2,3,0,9,Heri,North
2,40,40,0,9,Hermel,Baalbek-Hermel
0,0,0,0,0,Hidab,South
0,1,0,0,3,Hilan,North
0,0,0,0,0,Himlaya,Mount Lebanon
0,0,0,0,0,Hizzine,Baalbek-Hermel
0,0,0,0,0,Hjoula,Keserwan-Jbeil
0,2,0,0,3,Hlaliyeh ,Mount Lebanon
0,0,0,0,0,Hlaliyeh Saida,South
0,2,0,0,3,Hmaireh Aakkar,Akkar
0,0,0,0,0,Hmairi Sour,South
0,2,1,0,6,Hocheb,Akkar
0,0,0,0,0,Homsiyeh,South
0,0,0,0,0,Houaich,Akkar
0,0,0,0,0,Houla,Nabatieh
0,2,2,0,6,Houmine El-Faouqa,Nabatieh
0,3,2,0,6,Houmine Et-Tahta,Nabatieh
0,0,0,0,0,Hrajel,Keserwan-Jbeil
1,10,4,0,9,Hrar,Akkar
0,0,0,0,0,Hsarat,Keserwan-Jbeil
0,0,0,0,0,Hsayn,Keserwan-Jbeil
0,0,0,0,0,Hsoun,Keserwan-Jbeil
1,3,9,0,9,Iaat,Baalbek-Hermel
0,0,0,0,6,Ibl Es-Saqi,Nabatieh
0,4,4,0,6,Idbil,Akkar
0,2,1,0,6,Ighmid,Mount Lebanon
0,0,0,3,1,Ijbaa,North
0,1,0,0,3,Ijdaabrine,North
0,2,0,0,3,Ilat,Akkar
0,5,3,0,6,Insariyeh,South
0,0,0,0,0,Jaaita,Keserwan-Jbeil
3,0,3,0,6,Jadra,Mount Lebanon
0,0,0,0,0,Jahliyeh,Mount Lebanon
0,0,3,0,3,Jaj,Keserwan-Jbeil
3,5,15,2,10,Jall Ed-Dib,Mount Lebanon
0,0,0,0,0,Janneh Mar Sarkis,Keserwan-Jbeil
0,0,1,0,3,Jarbata,North
2,3,5,0,9,Jarjouaa,Nabatieh
1,0,1,0,6,Jarmaq,South
0,0,0,0,0,Jbaa En-Nabatiyeh,Mount Lebanon
1,3,5,5,10,Jbaa En-Nabatiyeh-Ein-Boswar,Nabatieh
0,1,0,0,3,Jbal El-Botm,South
8,24,64,0,9,Jbeil,Keserwan-Jbeil
0,0,0,0,0,Jbouleh,Baalbek-Hermel
0,0,1,0,3,Jdaidet Ghazir,Keserwan-Jbeil
1,4,10,2,10,Jdaidet Marjaayoun,Nabatieh
0,0,2,0,3,Jdeidet Ech-Chouf,Mount Lebanon
0,2,0,0,3,Jdidet Ej-Joumeh,Akkar
1,3,0,0,6,Jebrayel,Akkar
0,0,0,1,1,Jenjlaya,South
0,0,0,0,0,Jennata,South
0,0,1,0,3,Jensnaya,South
0,6,0,0,3,Jenta,Baalbek-Hermel
0,0,0,0,0,Jeoddayel Jbeil,Keserwan-Jbeil
0,2,2,0,6,Jermanya,Akkar
0,0,0,1,1,Jernaya,South
3,4,4,3,10,Jezzine-Ain Majdelin,South
0,0,0,0,0,Jibchit,Nabatieh
3,10,15,2,10,Jiyeh,Mount Lebanon
0,0,0,0,0,Jmailiyeh,Mount Lebanon
0,5,3,0,6,Jouaiya,South
0,2,3,0,6,Jouar El-Haouz,Mount Lebanon
0,12,2,0,6,Joubb Jannine,Bekaa
0,0,0,0,0,Joun,Mount Lebanon
0,0,0,0,0,Jounie ,Keserwan-Jbeil
0,1,1,0,6,Jouret Arsoun,Mount Lebanon
1,0,1,0,6,Jouret Bedrane,Keserwan-Jbeil
0,0,0,0,0,Jouret E-Tourmos,Keserwan-Jbeil
0,0,1,0,3,Jouret El-Ballout,Mount Lebanon
0,0,0,0,0,Kafr,Keserwan-Jbeil
0,4,0,0,3,Kafr Harra,Akkar
0,0,0,0,0,Kafr Hatna,North
0,0,0,0,0,Kafr Jarrah,South
0,1,0,0,3,Kafr Saroun,North
0,0,0,0,0,Kafr horra,North
0,4,2,0,6,Kafra Bent Jbeil,Nabatieh
0,1,1,0,6,Kafraiya West Bekaa,Bekaa
0,1,0,0,3,Kafraya El-Koura,North
0,0,0,0,0,Kafrkida,Keserwan-Jbeil
0,0,0,0,0,Kafrnoun,Akkar
0,0,0,0,0,Kafrya,South
0,1,1,9,7,Kaftoun,North
0,0,0,0,0,Kahhaleh,Mount Lebanon
0,0,0,0,0,Kahlouniet Ech-Chouf,Mount Lebanon
0,10,5,0,6,Kamed El-Laouz,Bekaa
0,0,0,0,0,Kaoukaba Bou Arab,Beqaa
0,2,0,1,4,Kaoukaba Hasbaiya,Nabatieh
0,3,0,0,3,Kaoutariyet Es-Siyad,South
0,0,0,0,0,Karkha,South
0,0,0,0,0,Karm Saddeh,North
0,0,0,0,0,Karm Zebdine,Akkar
0,1,6,0,6,Ketermaya,Mount Lebanon
1,3,1,0,9,Keyfoun,Mount Lebanon
0,0,6,5,4,Kfar Aabida,North
0,0,0,0,0,Kfar Aamay,Mount Lebanon
0,1,2,2,7,Kfar Aaqab,Mount Lebanon
0,2,2,0,6,Kfar Aaqqa,North
3,18,5,0,9,Kfar Baal,Keserwan-Jbeil
0,0,0,0,0,Kfar Beit,South
0,0,0,0,0,Kfar Chellal,South
0,0,3,0,3,Kfar Chima,Mount Lebanon
0,1,1,0,7,Kfar Chouba,Nabatieh
0,0,0,0,0,Kfar Dane,Baalbek-Hermel
0,1,0,0,3,Kfar Denis,Beqaa
8,10,20,1,10,Kfar Dibiane,Keserwan-Jbeil
0,6,1,0,6,Kfar Dounine,Nabatieh
0,1,0,0,3,Kfar Falous,South
0,2,0,0,3,Kfar Faqoud,Mount Lebanon
0,0,0,0,0,Kfar Hamam,Nabatieh
0,5,0,0,3,Kfar Hatta Saida,South
0,2,2,0,6,Kfar Hay,North
0,0,1,0,3,Kfar Hazir,North
0,0,0,0,0,Kfar Heam,Mount Lebanon
0,8,15,2,7,Kfar Hilda,North
0,1,2,0,6,Kfar Houneh,South
1,0,1,0,6,Kfar Jreif,Keserwan-Jbeil
0,0,5,0,3,Kfar Kila,Nabatieh
0,2,2,0,6,Kfar Matta,Mount Lebanon
0,0,5,0,3,Kfar Melki Saida,South
0,3,0,0,3,Kfar Nabrakh,Mount Lebanon
0,0,1,0,3,Kfar Niss,Mount Lebanon
0,0,0,0,0,Kfar Qatra,Mount Lebanon
0,3,0,0,3,Kfar Qouq,Beqaa
1,2,3,0,9,Kfar Roummane,Nabatieh
0,0,0,0,3,Kfar Selouane,Mount Lebanon
1,0,6,0,6,Kfar Sir,Nabatieh
0,0,0,0,0,Kfar Tay El-Matn,Mount Lebanon
0,0,0,0,0,Kfar Tibnit,Nabatieh
0,0,0,0,0,Kfar michki,Beqaa
0,3,8,0,6,Kfardlaqous,North
0,3,0,0,6,Kfarfila,Nabatieh
0,0,2,0,3,Kfarfou,North
0,2,5,0,6,Kfarhata ,North
1,0,0,0,6,Kfarhata Zgharta,North
0,1,0,3,4,Kfarsghab,North
0,12,2,0,6,Kfartoun,Akkar
0,0,0,0,0,Kfaryachit,North
0,0,0,0,0,Kfarzaina,North
0,0,0,8,1,Kfoun,Keserwan-Jbeil
0,0,0,0,0,Kfour El-Aarbi,North
1,3,1,1,7,Kfour En-Nabatieh,Keserwan-Jbeil
0,5,0,0,6,Khalwat,Nabatieh
0,0,0,2,1,Kharbe,Keserwan-Jbeil
0,0,0,0,0,Khartoum,South
0,0,0,1,1,Khat el Petrol,Akkar
0,0,0,0,0,Khayayeb Saida,South
0,0,0,0,0,Khereibet Ech-Chouf,Mount Lebanon
0,1,2,0,6,Khinchara,Mount Lebanon
0,0,3,0,3,Khirbet Bisri,Mount Lebanon
0,3,4,1,7,Khirbet Char,Akkar
0,0,0,0,0,Khirbet Daoud Aakkar,Akkar
0,0,0,0,0,Khirbet Jord,Akkar
2,2,4,2,10,Khirbet Qanafar,Bekaa
0,0,0,0,0,Khirbet Rouha,Beqaa
0,10,7,3,7,Khirbet Selm,Nabatieh
2,5,3,0,9,Khiyam Marjaayoun,Nabatieh
0,1,2,0,6,Khodr Baalbek,Baalbek-Hermel
0,0,0,0,0,Khreibet Baabda,Mount Lebanon
0,6,0,0,3,Khreibet Ej-Jindi,Akkar
0,0,0,0,0,Khzaiz,South
0,0,0,0,0,Kleyleh,Mount Lebanon
0,0,0,0,0,Kneisset Aakkar,Akkar
0,0,0,0,0,Kneisset Ech-Chouf,Mount Lebanon
0,0,0,0,0,Kneisset Sour,South
0,8,1,0,6,Kouachra,Akkar
0,1,0,2,4,Kouakh,Baalbek-Hermel
0,2,2,0,6,Koueikhat,Akkar
1,2,2,0,9,Kounine,Nabatieh
0,0,0,1,1,Kour,North
0,1,5,0,6,Kousba,North
0,1,1,0,6,Kroum El-Aarab,Akkar
0,0,0,0,0,Laboueh,Baalbek-Hermel
5,15,10,0,9,Lala,Bekaa
0,0,0,0,0,Laqlouq,Keserwan-Jbeil
0,3,0,0,3,Lassa,Keserwan-Jbeil
0,0,1,0,3,Lebaa,South
0,0,3,1,4,Lehfed,Keserwan-Jbeil
0,0,0,0,0,Libbaya West Bekaa,Bekaa
0,0,0,0,0,Louayzet Jezzine,South
0,3,0,0,3,Loubieh,South
0,0,0,0,0,Maad,Keserwan-Jbeil
0,0,0,0,0,Maarab,Keserwan-Jbeil
0,0,0,0,0,Maaraboun,Baalbek-Hermel
0,20,3,0,6,Maarakeh,South
0,0,0,0,0,Maaroub,South
0,0,0,0,0,Maasrati,Mount Lebanon
2,5,10,5,10,Maasser Beit Ed-Dine,Mount Lebanon
0,0,0,0,0,Maasser Ech-Chouf,Mount Lebanon
0,2,0,0,3,Maaysra Kesrouane,Keserwan-Jbeil
0,3,5,0,6,Machghara,Bekaa
0,5,0,0,3,Machha,Akkar
0,0,1,0,3,Machmoucheh,South
0,5,0,0,3,Machta Hammoud,Akkar
0,4,0,0,3,Machta Hassan,Akkar
0,2,3,0,6,Maghdoucheh,South
0,2,0,0,3,Magher wbala,North
0,2,0,0,3,Mahrouna,South
0,0,0,0,0,Majdala,Akkar
0,0,0,0,0,Majdaloun,Baalbek-Hermel
0,0,0,0,0,Majdalouna,Mount Lebanon
0,11,3,0,6,Majdel,South
0,3,3,0,6,Majdel Baana,Mount Lebanon
0,0,0,0,0,Majdel Balhis,Beqaa
2,0,0,0,3,Majdel El-Aqoura,Keserwan-Jbeil
0,0,0,0,0,Majdel El-Meouch,Mount Lebanon
1,5,2,0,9,Majdel Selm,Nabatieh
0,0,0,0,0,Majdel el-Koura,North
0,0,0,0,0,Majdel tarchich,Mount Lebanon
0,0,1,0,3,Majdelyoun,South
0,7,0,0,3,Majdelzoun,South
0,1,0,0,3,Maknounet Jezzine,South
0,2,0,0,3,Malkiyah Village,South
0,2,0,0,3,Mansoura,Bekaa
0,1,0,1,4,Mansoura ,Akkar
0,0,0,0,0,Mansouri,South
0,1,0,0,3,Mansouriyet Bhamdoun,Mount Lebanon
0,2,2,0,6,Maqneh,Baalbek-Hermel
0,1,0,0,3,Mar Boutros Karm Et-Tine,Mount Lebanon
3,2,5,0,9,Mar Chaaya,Mount Lebanon
0,0,0,0,0,Mar Mama,North
0,0,0,0,3,Mar Moussa Ed-Douar,Mount Lebanon
0,0,0,0,0,Marj Barja,Mount Lebanon
0,2,0,0,3,Marj Ez-Zouhour (Haouch El-Qinnaabeh),Nabatieh
0,0,0,0,0,Marjaba,Mount Lebanon
0,0,0,0,0,Markaba,Nabatieh
0,0,0,0,0,Maroun Er-Ras,Nabatieh
0,4,0,0,3,Massaaoudiyeh,Akkar
0,0,0,0,0,Mayasseh,Mount Lebanon
0,0,0,0,0,Maydoun,Bekaa
0,0,1,0,3,Mayfadoun,Nabatieh
0,0,0,0,0,Mayfouq,Keserwan-Jbeil
0,1,10,0,6,Mayrouba,Keserwan-Jbeil
0,10,2,0,6,Mazareaa Jabal Akroum,Akkar
0,0,0,0,0,Mazraat Assaf,North
0,6,0,0,3,Mazraat Balda,Akkar
0,0,1,0,3,Mazraat Bani Saab,North
0,0,0,3,1,Mazraat Bani Sakher,Akkar
0,0,2,0,3,Mazraat Beit Ghattas,Akkar
0,0,0,0,0,Mazraat Ech-Chouf,Mount Lebanon
0,0,4,3,4,Mazraat El-Hdaira,Mount Lebanon
0,0,0,0,0,Mazraat El-Mathane,South
0,1,2,0,6,Mazraat Es-Dahr,Mount Lebanon
0,1,0,1,4,Mazraat Et-Teffah,North
0,4,0,0,3,Mazraat Ez-Zalloutiyeh,South
0,0,0,0,0,Mazraat Harkish,North
0,1,1,0,6,Mazraat Hokka,North
0,0,0,0,0,Mazraat Mechref,South
0,1,0,1,4,Mazraat Nahr Zgharta,North
0,0,0,0,0,Mazraat Swaidan,Baalbek-Hermel
1,1,0,0,6,Mazraat Yachouaa,Mount Lebanon
0,0,0,0,0,Mazraat beit Mchaik,Baalbek-Hermel
0,0,0,0,0,Mchaneh,Keserwan-Jbeil
0,0,0,0,0,Mcherfeh,Mount Lebanon
0,0,0,0,0,Mchikha,Mount Lebanon
0,0,0,0,0,Mdoukha,Beqaa
0,0,0,0,0,Mechref,Mount Lebanon
0,0,0,0,0,Mehmarch,North
0,0,0,0,0,Meimes,Nabatieh
0,0,8,0,3,Meiss Ej-Jabal,Nabatieh
0,0,0,0,0,Mejdlaiya,Mount Lebanon
0,10,0,0,3,Mejdlaiya Zgharta,North
0,0,0,0,0,Menneaa,Akkar
1,2,10,0,9,Meri,Nabatieh
0,0,0,0,0,Merouahine,South
1,6,3,0,9,Merouaniyeh,South
0,0,0,0,0,Metrit,North
0,3,1,0,6,Mghairiyeh Ech-Chouf,Mount Lebanon
0,0,0,0,0,Mghayreh Jbeil,Keserwan-Jbeil
0,0,0,0,0,Mhaibib,Nabatieh
0,2,0,0,3,Mhaiydseh Rachaya,Beqaa
0,0,3,0,3,Mhammaret,Akkar
0,0,1,0,3,Mharbiyeh,South
0,8,1,0,6,Michmich Jbeil,Keserwan-Jbeil
0,0,0,0,0,Midane Jezzine,South
0,5,5,1,7,Minyara,Akkar
0,7,0,0,6,Miriata,North
0,2,0,0,3,Miyeh ou Miyeh,South
1,4,4,0,9,Miziara,North
0,2,1,1,7,Mjaydel Jezzine,South
0,0,0,0,0,Mlikh,South
0,0,0,0,0,Mohtaqra,Mount Lebanon
0,4,0,0,3,Moqaylbeh,Akkar
0,0,3,0,3,Moqraq,Baalbek-Hermel
0,0,0,0,0,Moshrea,Mount Lebanon
0,3,0,0,3,Mouanse,Akkar
0,1,2,0,6,Moukhtara,Mount Lebanon
0,3,0,5,4,Mounjez,Akkar
0,0,0,0,0,Mounsef,Keserwan-Jbeil
0,0,2,1,4,Mqaiteaa,Akkar
0,0,1,0,3,Mrah El-Hbasse,South
0,0,1,6,4,Mrah Ez Ziyat,North
0,0,0,0,0,Mrah Kwakh,Akkar
0,0,0,0,0,Mraijat,Mount Lebanon
0,0,0,0,1,Mristi,Mount Lebanon
1,2,8,2,10,Mrouj,Mount Lebanon
0,0,10,0,3,Mtayleb,Mount Lebanon
0,0,0,0,0,Mtolleh,Mount Lebanon
0,0,0,0,0,Mzraat Kefraya,North
0,50,50,0,6,Nabatiyeh,Nabatieh
0,8,10,0,6,Nabatiyeh El-Faouka,Nabatieh
0,0,0,0,0,Nabay,Mount Lebanon
0,0,1,0,3,Nabha Ed-Damdoum,Baalbek-Hermel
4,15,15,20,10,Nabha Mehfara,Baalbek-Hermel
0,0,0,0,0,Nabha Qoudam,Baalbek-Hermel
0,8,11,0,6,Nabi Chit,Baalbek-Hermel
1,3,2,0,9,Nabi Osmane,Baalbek-Hermel
0,2,0,0,3,Nahleh Baalbek,Baalbek-Hermel
0,0,0,0,0,Nahmeh,Mount Lebanon
0,3,0,0,3,Nahr Ibrahim,Keserwan-Jbeil
0,3,0,0,3,Najjariyeh,South
0,0,1,0,3,Nakhleh,North
0,0,0,0,0,Naoura El-Faouqa,Akkar
0,0,0,0,0,Nfisseh,Akkar
0,4,0,2,4,Niha El-Chouf,Mount Lebanon
0,0,2,0,3,Nmairiyeh,Nabatieh
0,0,0,0,0,Ouada,Akkar
0,0,0,0,0,Ouadi Baanqoudaine,South
0,0,1,0,3,Ouadi Banhlay,Mount Lebanon
0,0,0,0,0,Ouadi Chahine,Mount Lebanon
0,0,0,0,0,Ouadi Chahrour El Aaoulia,Mount Lebanon
0,2,0,0,3,Ouadi Chahrour Es-Soufla,Mount Lebanon
0,1,1,0,6,Ouadi Ed-Deir,Mount Lebanon
0,0,0,0,0,Ouadi El-Haour,Akkar
0,0,0,0,0,Ouadi El-Karm El-Matn,Mount Lebanon
0,2,0,0,3,Ouadi El-Laymoun,South
0,0,0,0,0,Ouadi Es-Sitt,Mount Lebanon
0,0,0,0,0,Ouadi Faara,Baalbek-Hermel
0,5,7,4,7,Ouadi Khaled,Akkar
0,0,1,10,4,Ouadi Qannoubine,North
0,2,2,1,7,Ouardaniyeh,Mount Lebanon
0,0,0,0,0,Ouarhaniyeh,Mount Lebanon
0,0,0,0,0,Ouata El-Jaouz,Keserwan-Jbeil
0,4,6,7,7,Qaa Baalbek,Baalbek-Hermel
0,10,4,0,6,Qaaqaaiyet Ej-Jisr,Nabatieh
0,0,0,0,0,Qaaqaiyet Es-Snaoubar,South
0,0,0,0,0,Qaaqour,Mount Lebanon
0,3,5,0,6,Qabaait,Akkar
0,0,0,0,0,Qabrikha,Nabatieh
0,2,0,0,3,Qachlaq,Akkar
0,2,5,0,6,Qahmez,Keserwan-Jbeil
0,0,0,0,0,Qalaa,Mount Lebanon
0,0,0,0,0,Qalaouiyeh,Nabatieh
0,0,1,0,3,Qalhat,North
0,0,0,0,0,Qannebet Salima,Mount Lebanon
0,0,0,0,0,Qantara,Nabatieh
0,0,0,0,0,Qantarat Aakkar,Akkar
0,6,1,0,6,Qanya,Akkar
0,0,0,3,1,Qaouzah,Nabatieh
0,2,3,0,9,Qaraaoun,Bekaa
0,0,0,0,0,Qarah Bach,North
0,0,0,0,0,Qardaf,Akkar
0,0,0,0,0,Qarha,Akkar
0,0,0,0,0,Qarha Baalbek,Baalbek-Hermel
2,2,2,0,9,Qartaba,Keserwan-Jbeil
0,3,3,0,6,Qaser,Baalbek-Hermel
0,2,0,0,3,Qatrani,South
0,0,0,0,0,Qaynour,North
0,0,0,0,0,Qaytouleh,South
0,15,3,60,7,Qbaiyat Aakkar,Akkar
0,2,4,0,6,Qelaya,Bekaa
0,0,0,0,0,Qennabet Broummana,Mount Lebanon
0,2,2,0,6,Qennarit,South
0,0,0,0,0,Qild Es Sabea,Baalbek-Hermel
0,0,5,0,3,Qlaiaa,Nabatieh
0,0,0,0,0,Qlaileh Harfoush,Baalbek-Hermel
1,10,10,1,10,Qlaileh Sour,South
0,0,0,0,0,Qleiaat Aakkar,Akkar
0,3,14,0,6,Qleiaat Kesrouane,Keserwan-Jbeil
0,0,0,0,0,Qloud El-Baqieh,Akkar
0,1,1,0,6,Qmatiyeh,Mount Lebanon
0,0,0,1,1,Qnat,North
0,0,2,0,3,Qobbayaa,Mount Lebanon
0,3,1,0,6,Qornayel,Mount Lebanon
0,6,0,0,3,Qornet Aakkar,Akkar
0,0,0,0,0,Qornet El-Hamra,Mount Lebanon
0,2,0,0,3,Qortada,Mount Lebanon
0,0,0,0,0,Qoubber Chamra,Akkar
0,0,0,0,0,Qounaitra,South
0,0,0,0,0,Qraiyat,Akkar
1,1,1,0,9,Qraiyeh,Mount Lebanon
1,1,2,0,9,Qraiyet Jlayse,Keserwan-Jbeil
0,0,0,0,7,Qraiyet Saida,South
0,0,0,0,0,Qsaibet En-Nabatiyeh,Nabatieh
0,1,1,0,6,Qsarnaba,Baalbek-Hermel
0,0,1,0,3,Raachine,Keserwan-Jbeil
0,0,0,0,0,Rabb Et-Tlatine,Nabatieh
1,0,1,0,6,Rabieh,Mount Lebanon
0,3,6,2,7,Rachaaine,North
0,0,0,0,0,Rachaf,Nabatieh
0,1,0,1,4,Rachaiya El-Foukhar,Nabatieh
1,7,15,1,10,Rachaya El Wadi,Beqaa
0,0,0,0,3,Rafid Rachaya,Beqaa
0,10,2,0,6,Rahbeh,Akkar
0,0,0,0,0,Ram,Baalbek-Hermel
0,0,0,0,0,Ramlieh,Mount Lebanon
0,0,0,2,1,Ramyet Bent Jbeil,Nabatieh
3,1,2,0,9,Ras Baalbek Ech-Charqi,Baalbek-Hermel
0,0,0,0,0,Ras El Matn,Mount Lebanon
0,2,0,0,3,Ras El-Href,Mount Lebanon
0,0,0,0,0,Ras Kifa,North
5,10,30,0,9,Ras Masqa,North
0,0,0,0,0,Rasha,North
0,0,1,3,4,Rashana,North
0,0,0,0,0,Rawda Bekaa,Bekaa
3,20,20,0,9,Rayfoun,Keserwan-Jbeil
0,0,1,0,3,Rechdibbine,North
0,0,7,0,3,Richmaiya,Mount Lebanon
2,3,5,2,10,Rihan Jezzine,South
1,0,0,0,3,Rihana,Keserwan-Jbeil
0,0,1,0,3,Rihaniyet Aakkar,Akkar
0,0,0,0,0,Rijmeh,Mount Lebanon
0,0,2,5,4,Rimat,South
0,0,0,0,1,Rimhala,Mount Lebanon
0,4,0,0,3,Rmadiyeh,South
0,0,0,0,0,Rmaich,Nabatieh
2,0,5,0,6,Rmeilet Ech-Chouf,Mount Lebanon
0,0,0,1,1,Rouayssrt El-Ballout,Mount Lebanon
0,4,2,0,6,Roum,South
0,0,2,0,3,Roumieh,Mount Lebanon
0,3,3,0,6,Roumine,Nabatieh
0,0,0,0,0,Saadine,Akkar
0,0,0,0,0,Saaideh,Baalbek-Hermel
0,0,0,0,0,Sabbah,South
0,10,4,0,6,Sadiqine,South
0,0,0,0,0,Safad Al-Battikh,Nabatieh
4,0,4,0,6,Safra Kesrouane,Keserwan-Jbeil
2,2,4,0,9,Saghbine,Bekaa
0,0,0,0,0,Sahle,Akkar
2,15,30,0,9,Saida,South
0,5,3,0,6,Saksakiyeh,South
0,4,10,1,7,Salhiyet Saida,South
0,2,2,0,6,Salima Baabda,Mount Lebanon
0,0,0,0,0,Sammaqiyeh,Akkar
0,0,0,0,0,Sanaya,South
0,2,0,0,3,Saouanet Marjayoun,Nabatieh
0,0,0,0,0,Saoufar,Mount Lebanon
0,0,0,0,0,Sarafand,South
0,1,1,0,6,Sarba En-Nabatieh,Nabatieh
0,0,0,0,0,Sariita,Keserwan-Jbeil
0,10,5,0,6,Sarin Fawqa,Baalbek-Hermel
0,0,0,0,0,Sayssouq,Akkar
0,0,0,4,1,Sebaal Zgharta,North
0,0,0,0,0,Sehjoud,Baalbek-Hermel
0,0,0,0,0,Selaa,South
0,0,0,0,0,Selaata,North
0,1,1,0,6,Selfaya,Mount Lebanon
0,0,0,0,0,Semqaniyeh,Mount Lebanon
1,0,0,2,4,Seraal,North
0,0,0,0,0,Serraaine Et-Tahta,Baalbek-Hermel
1,1,1,0,9,Sfaray,South
0,0,0,0,0,Sfaynet El-Qaitaa,Akkar
0,0,1,0,3,Sfinet Ed-Draib,Akkar
5,15,34,0,9,Shawagheer El-Faouqa,Baalbek-Hermel
0,0,0,0,0,Shayleh Kesrouane,Keserwan-Jbeil
0,3,3,0,6,Sibline,Mount Lebanon
0,16,8,0,6,Sindianet Zeidane,Akkar
0,0,0,0,0,Sini,Nabatieh
3,25,25,0,9,Sinn El-Fil,Mount Lebanon
0,3,2,0,6,Sir El-Gharbiyeh,Nabatieh
0,0,0,2,1,Sirhmoul,Mount Lebanon
0,0,0,0,0,Sirjbal,Mount Lebanon
1,3,7,10,10,Sohmor,Bekaa
0,0,1,0,3,Soltan Yacoub el Aradi,Bekaa
0,0,0,0,0,Souairi,Bekaa
0,2,1,0,6,Souaisset Aakkar,Akkar
0,0,0,0,0,Soufaileh,Mount Lebanon
0,1,2,0,6,Soultaniyet Bent Jbeil,Nabatieh
0,0,0,0,0,Souq El-Gharb,Mount Lebanon
0,0,0,0,10,Sour,South
0,0,0,0,0,Srar,Akkar
0,0,0,0,0,Srayri,South
0,0,4,0,3,Srifa,South
0,0,0,0,0,Srobbine,Nabatieh
0,0,0,0,0,Taaid,South
0,0,0,0,0,Taazaniyeh,Mount Lebanon
0,0,0,0,0,Tabarja,Keserwan-Jbeil
0,0,0,0,0,Tahouitat El Ghadir,Mount Lebanon
0,2,0,0,3,Taibet Baalbek,Baalbek-Hermel
0,0,0,0,0,Tal Aabbas,Akkar
0,0,0,0,0,Talia,Baalbek-Hermel
0,2,3,0,6,Tall Aabbas Ech-Charqi,Akkar
0,0,0,0,0,Tall Bireh,Akkar
0,0,0,0,0,Tall Hmayra,Akkar
0,4,0,6,4,Tall Meaayan Tall Kiri,Akkar
0,0,0,0,0,Tall Znoub,Bekaa
0,0,0,0,0,Tallet Chattaha,Akkar
0,0,0,0,0,Talloussa,Nabatieh
1,0,3,0,6,Tanbourit,South
0,0,3,0,3,Tannoura,Beqaa
2,0,30,5,7,Tannourine El-Faouqa,North
0,2,0,0,3,Taraiya,Baalbek-Hermel
0,2,2,1,7,Tarchich,Mount Lebanon
0,1,1,0,6,Tartij,Keserwan-Jbeil
0,0,2,0,3,Tawfiqiya,Baalbek-Hermel
0,0,0,0,0,Taybet Matjaayoun,Nabatieh
0,20,1,30,7,Tayr Debbeh,South
0,3,0,0,3,Tayr Falsay,South
0,0,0,0,0,Tayr Harfa,South
0,4,1,0,6,Teffahta,South
0,0,3,0,3,Temnine El-Faouqa,Baalbek-Hermel
1,0,3,0,6,Temnine Et-Tahta,Baalbek-Hermel
1,0,5,2,7,Thoum,North
0,0,3,0,3,Tibnine,Nabatieh
0,12,4,0,6,Tikrit,Akkar
0,0,0,0,0,Tiri,Nabatieh
0,2,2,0,6,Tleil,Akkar
0,2,0,1,4,Toula,North
0,0,0,0,0,Toula El-Batroun,North
1,1,1,0,9,Touline,Nabatieh
0,5,0,0,3,Toura,South
0,0,0,0,0,Tshea,Akkar
1,3,2,1,10,Vidar,Keserwan-Jbeil
0,0,0,0,0,Wadi Jezzine,South
1,5,10,5,10,Yammouneh,Baalbek-Hermel
0,1,0,0,3,Yanouh Sour,South
0,2,1,0,6,Yanta,Beqaa
0,1,0,0,3,Yaroun,Nabatieh
0,3,2,0,6,Yater,Nabatieh
0,4,1,0,6,Yohmor En-Nabatiyeh,Nabatieh
0,3,5,0,6,Yohmor West Bekaa,Bekaa
0,0,0,0,0,Younine,Baalbek-Hermel
0,0,0,0,0,Zaaitreh,Keserwan-Jbeil
0,0,0,0,0,Zaarouriyeh,Mount Lebanon
0,0,0,0,0,Zabboud,Baalbek-Hermel
0,0,0,0,0,Zabbougha,Mount Lebanon
0,0,0,0,0,Zahra,Baalbek-Hermel
0,1,0,0,3,Zaitoun,Keserwan-Jbeil
0,0,1,0,3,Zakrit,Mount Lebanon
0,0,0,0,0,Zakroun,North
2,5,5,0,9,Zalqa,Mount Lebanon
0,0,1,0,3,Zandouqa,Mount Lebanon
0,0,0,0,0,Zaneh,North
0,1,0,0,3,Zaoutar Ech-Charqiyeh,Nabatieh
0,0,0,0,0,Zaoutar El-Gharbiyeh,Nabatieh
0,0,0,0,0,Zaraaoun,Mount Lebanon
0,1,0,0,3,Zebdine,Keserwan-Jbeil
0,0,0,0,0,Zebqine,South
1,0,10,1,7,Zefta,Nabatieh
0,0,0,0,0,Zeita,South
17,16,71,1,10,Zgharta-Ehden,North
0,0,0,0,0,Zhilta,South
0,0,2,0,3,Zibdine En-Nabatiyeh,Nabatieh
0,0,0,0,0,Zighrine,Mount Lebanon
0,0,0,0,0,Zilaya,Bekaa
0,2,0,0,3,Zouarib,Akkar
5,20,100,0,9,Zouk El-Kharab,Mount Lebanon
2,0,5,0,6,Zouk Mkayel,Keserwan-Jbeil
3,0,10,0,6,Zouk Mousbeh,Keserwan-Jbeil
0,3,0,0,3,Zouq El Hosniyeh,Akkar
0,0,0,0,0,Zouq El-Hadara,Akkar
0,0,0,0,0,Zouq El-Hbalsa,Akkar
0,10,5,0,6,Zrariyeh,South
0,0,0,0,0,Zrazeer,Baalbek-Hermel
0,0,1,0,3,aain Aalaq,Mount Lebanon
0,10,4,0,6,berqayel,Akkar
0,2,0,2,4,ebra wChouane,Keserwan-Jbeil
0,0,2,0,3,hadtoun,North
0,0,0,0,0,jouar Hasheesh,Baalbek-Hermel
0,1,3,2,7,mazboud,Mount Lebanon
1,3,2,0,9,shebaneye,Mount Lebanon
0,0,0,0,0,yahchouch,Keserwan-Jbeil
